State,GeoPZ,ID_1,ID_2
Abia,SE,NGAbia7974,SK226567758218G
Adamawa,NE,NGAdamawa8515,MT369819917307L
Akwa Ibom,SS,NGAkwa Ibom2420,FH826340127309B
Anambra,SE,NGAnambra2909,ZD806022456435O
Bauchi,NE,NGBauchi7306,UB398372168057M
Bayelsa,SS,NGBayelsa3583,OW468778134052J
Benue,NC,NGBenue8223,GP384865763884W
Borno,NE,NGBorno6047,IE576741948313Z
Cross River,SS,NGCross River3083,LR640019508286O
Delta,SS,NGDelta4849,BM515131253511L
Ebonyi,SE,23Ebonyi7771,ZI586765272970J
Edo,SS,NGEdo8137,OO587161875017Z
Ekiti,SW,NGEkiti2461,BH759274536588M
Enugu,SE,NGEnugu4122,WB603038304011M
Fct,NC,NGFct3264,EH439151068790T
Gombe,NE,NGGombe2541,KG852271682266K
Imo,SE,NGImo2861,OE867236696802X
Jigawa,NW,NGJigawa7951,YG583177425077Y
Kaduna,NW,NGKaduna7265,FN524059472330Z
Kano,NW,NGKano4905,LX381045674761W
Katsina,NW,NGKatsina4812,YO682469748678K
Kebbi,NW,NGKebbi7508,DR590281593752O
Kogi,NC,NAKogi8441,OL423642788404X
Kwara,NC,NGKwara4223,TL459948773003M
Lagos,SW,NGLagos7268,XK510661983792B
Nasarawa,NC,NGNasarawa2771,GS550170342948M
Niger,NC,NGNiger7960,DA218227841917A
Ogun,SW,NGOgun5369,SC602453718675O
Ondo,SW,NGOndo6368,WA830735723845Z
Osun,SW,NIOsun2353,ER812176205629R
Oyo,SW,72Oyo6635,DF272420904832N
Plateau,NC,NGPlateau8501,TY318370657653X
Rivers,SS,NGRivers2901,LS871544425747J
Sokoto,NW,NGSokoto6372,WP241260123980X
Taraba,NE,NGTaraba8562,GH267027064827O
Yobe,NE,NGYobe6083,BN854336495978M
Zamfara,NW,NNZamfara6799,JA708157465318O
